domain,scenario,controller,rmse_pos,rmse_vel,max_pos_err,max_vel_err,settling_s,effort,saturation_pct,stable
flight,step_0.50m,geometric,0.1963630329482571,0.09286944773462935,0.5,0.2620307361263424,0.5000000000000003,20.84815718462259,0.0,True
flight,step_0.50m,lqr,0.1576090844583588,0.12059579695384488,0.5,0.36127529253001117,0.5000000000000003,20.85568122513391,0.0,True
flight,step_0.50m,mpc,0.18883573641966736,0.09598451519747643,0.5,0.24996376938636147,0.5000000000000003,20.84784730768684,0.0,True
flight,step_0.75m,geometric,0.2949608939672354,0.1388882574276059,0.75,0.3908468319095658,0.5000000000000003,20.850484854198175,0.0,True
flight,step_0.75m,lqr,0.23733276667982486,0.18009008797073295,0.75,0.5384156172131277,0.5000000000000003,20.86693851955223,0.0,True
flight,step_0.75m,mpc,0.2837829414426629,0.14350761384027474,0.75,0.37283407650694894,0.5000000000000003,20.849804052638,0.0,True
flight,step_1.00m,geometric,0.39378095650417966,0.18466291502605084,1.0,0.518349779454115,0.5000000000000003,20.853684470907996,0.0,True
flight,step_1.00m,lqr,0.3177351838203182,0.23910500513054483,1.0,0.7135445739638903,0.5000000000000003,20.87993822804719,0.0,True
flight,step_1.00m,mpc,0.3790663280381987,0.1907390463058738,1.0,0.4944057256990875,0.5000000000000003,20.856126127945664,0.0,True
rolling,speed_1.0_tilt_45,geometric,0.0,0.15026212677481354,0.0,1.0000000303041334,inf,1.4514697503284408,0.0,False
rolling,speed_1.0_tilt_45,lqr,0.0,0.10291718089797315,0.0,1.0000000303041334,inf,2.0082024710952338,0.8515364679748241,False
rolling,speed_1.0_tilt_45,mpc,0.0,0.10774746493715,0.0,1.0000000303041334,inf,1.7277767464651888,0.0,False
rolling,speed_1.0_tilt_55,geometric,0.0,0.15089228935259405,0.0,1.0000000477028819,inf,1.4113396096676258,0.0,False
rolling,speed_1.0_tilt_55,lqr,0.0,0.10144948329314457,0.0,1.0000000477028819,inf,1.9168179874588993,0.7960014809329877,False
rolling,speed_1.0_tilt_55,mpc,0.0,0.10792179991639818,0.0,1.0000000477028819,inf,1.5738814548874773,0.0,False
rolling,speed_1.0_tilt_65,geometric,0.0,0.15162757854455752,0.0,1.0000000531368325,inf,1.400067732636561,0.0,False
rolling,speed_1.0_tilt_65,lqr,0.0,0.09891334969396999,0.0,1.0000000531368325,inf,1.7947819514887384,0.684931506849315,False
rolling,speed_1.0_tilt_65,mpc,0.0,0.10824042941547908,0.0,1.0000000531368325,inf,1.4559510517816674,0.0,False
rolling,speed_1.5_tilt_45,geometric,0.0,0.22572511158988556,0.0,1.5000000303041334,inf,2.291401359407391,0.0,False
rolling,speed_1.5_tilt_45,lqr,0.0,0.18322713100454852,0.0,1.5000000303041334,inf,3.0780774274946205,1.4253980007404665,False
rolling,speed_1.5_tilt_45,mpc,0.0,0.18614445456864767,0.0,1.5000000303041334,inf,2.5530104281403867,0.0,False
rolling,speed_1.5_tilt_55,geometric,0.0,0.2267131358914837,0.0,1.5000000477028819,inf,2.1680285465500364,0.0,False
rolling,speed_1.5_tilt_55,lqr,0.0,0.18118505253064063,0.0,1.5000000477028819,inf,2.959880216369358,1.3328396890040726,False
rolling,speed_1.5_tilt_55,mpc,0.0,0.18642912553461244,0.0,1.5000000477028819,inf,2.2909056651403166,0.0,False
rolling,speed_1.5_tilt_65,geometric,0.0,0.22781638569254406,0.0,1.5000000531368325,inf,2.1066119465292887,0.0,False
rolling,speed_1.5_tilt_65,lqr,0.0,0.17739219840319434,0.0,1.5000000531368325,inf,2.7953225602978593,1.1847463902258424,False
rolling,speed_1.5_tilt_65,mpc,0.0,0.18700732352807706,0.0,1.5000000531368325,inf,2.1662513531866128,0.0,False
rolling,speed_2.0_tilt_45,geometric,0.0,0.31347489763741687,0.0,2.0000000303041334,inf,3.2346777818342414,0.518326545723806,False
rolling,speed_2.0_tilt_45,lqr,0.0,0.2778865704526054,0.0,2.0000000303041334,inf,4.213291878022238,1.9437245464642725,False
rolling,speed_2.0_tilt_45,mpc,0.0,0.27903228818369047,0.0,2.0000000303041334,inf,3.3592222444269435,0.0,False
rolling,speed_2.0_tilt_55,geometric,0.0,0.3093507053142376,0.0,2.0000000477028816,inf,3.0749033352445916,0.33320992225101814,False
rolling,speed_2.0_tilt_55,lqr,0.0,0.2749295148843095,0.0,2.0000000477028816,inf,4.059357747991299,1.795631247686042,False
rolling,speed_2.0_tilt_55,mpc,0.0,0.2797026515604491,0.0,2.0000000477028816,inf,3.0804041429520397,0.0,False
rolling,speed_2.0_tilt_65,geometric,0.0,0.3061367051193089,0.0,2.0000000531368323,inf,2.923464950930642,0.09255831173639394,False
rolling,speed_2.0_tilt_65,lqr,0.0,0.2690948756681233,0.0,2.0000000531368323,inf,3.852185311163319,1.6105146242132544,False
rolling,speed_2.0_tilt_65,mpc,0.0,0.280801707327586,0.0,2.0000000531368323,inf,2.959457401148372,0.0,False
