trial,seed,initial_tilt_deg,initial_bz,initial_roll_deg,initial_pitch_deg,initial_yaw_deg,success,recovery_time_s,settle_time_s,final_tilt_deg,final_bz,final_omega_norm,max_omega_norm,max_att_error,mean_att_error,peak_motor_abs,motor_sat_pct,contact_lost,final_mode,timeout
1,42,119.11115376097199,-0.4865054683174108,119.41408989447015,7.85876132368879,13.412004989392932,True,1.288000000000001,2.0360000000000014,0.008274995379086346,0.9999999895705776,0.0021587549957711298,3.5804254437996965,2.0788818089781893,0.44483929932379357,13.0,3.7254901960784315,False,UPRIGHT,False
2,43,25.975535097293907,0.8989811458144263,-9.17424270165033,-24.407457117430763,1.9882170610122516,True,0.9240000000000007,1.6720000000000013,0.04551004451062731,0.9999996845436767,0.004450080144010575,0.783542099153246,0.4533586124151243,0.11356456631284866,6.6157551396625225,0.0,False,UPRIGHT,False
3,44,83.32306128444654,0.1162709810980791,-83.08623123302748,-15.005022726562553,13.31177457573806,True,1.1920000000000008,1.9400000000000015,0.016129795015985014,0.9999999603737995,0.002481002877686107,2.528705568464645,1.4542617622546068,0.3107877011199061,10.362874718389584,0.0,False,UPRIGHT,False
4,45,62.140689229534075,0.46730208041198107,-62.073604345519286,3.809538253735687,-2.2928719889232085,True,1.1280000000000008,1.8760000000000014,0.022485111706514786,0.9999999229957256,0.002896144395472705,1.8875149617307465,1.0845596265139479,0.24011917828709764,8.340313519230323,0.0,False,UPRIGHT,False
5,46,157.68155185013566,-0.9250874927718269,-161.62878146581272,12.89850264627353,-69.90963734466884,True,1.428000000000001,2.1760000000000015,0.002597804671680894,0.9999999989721311,0.0026898500180829576,4.394105593050364,2.7520622494390414,0.6435325625405767,13.0,10.091743119266056,False,UPRIGHT,False
6,47,74.53616965332182,0.26663000268055415,-73.00814381002468,24.16368565636706,-18.003102689541695,True,1.1680000000000008,1.9160000000000015,0.019107574098077132,0.9999999443921838,0.0027023547901411458,2.2623875756346816,1.300901572275546,0.28155859147375156,9.776812183520196,0.0,False,UPRIGHT,False
7,48,104.9644634045311,-0.2582198986080859,111.57817838697675,45.402454715052,63.208640561878475,True,1.2360000000000009,1.9840000000000015,0.01207949319606633,0.9999999777760032,0.002496713998999045,3.193748591532932,1.8319754839981641,0.385751776888585,13.0,1.2072434607645874,False,UPRIGHT,False
8,49,30.367016333126507,0.8628048365444151,-26.611091315543216,15.196355147122363,-3.6138372245547,True,0.9640000000000007,1.7120000000000013,0.039163978345192106,0.9999997663862902,0.004028210374882211,0.9187326730014507,0.5300044190199528,0.12924663983326695,7.289100688415679,0.0,False,UPRIGHT,False
9,50,97.11816815758336,-0.12391613319230288,-140.91061668166654,80.81329360002498,-134.72561666256905,True,1.2320000000000009,1.9800000000000015,0.018430262794278583,0.9999999482646024,0.002558058842458974,2.9429536595407066,1.6950317978553453,0.3562664625197314,11.100397395491699,0.0,False,UPRIGHT,False
10,51,57.74525321994724,0.533684580047037,-57.74276232626106,-0.6725120884302607,0.37081142108572696,True,1.1120000000000008,1.8600000000000014,0.02376227712886849,0.9999999139995257,0.002979763038137428,1.7539561530891716,1.0078447960859365,0.22507770357872312,7.928738992999664,0.0,False,UPRIGHT,False
