trial,seed,start_mode,initial_tilt_deg,recovered,recovery_time_s,hold_time_s,success,roll_rms_deg,pitch_rms_deg,max_roll_deg,max_pitch_deg,mean_tilt_deg,max_tilt_deg,omega_rms,omega_x_rms,omega_y_rms,omega_z_rms,max_omega,max_omega_x,max_omega_y,max_omega_z,motor_variance,motor_var_m1,motor_var_m2,motor_var_m3,motor_var_m4,motor_sat_pct,peak_motor_abs,mean_motor_spread,mean_bz,min_bz,contact_lost
1,42,TILTED,111.32261779181431,True,4.647999999999931,8.00399999999912,True,0.09903743816735773,0.006397428887907621,0.503939496559118,0.03187154201417181,0.038841054520110635,0.504946319116043,0.0028467432672135604,0.0028413078755403012,0.00017583104759171469,4.780389069122834e-07,0.014420844545761298,0.014394317078138699,0.000874289249950325,3.4021227588556907e-06,0.019541480379611027,0.01953956891176346,0.019543977868802097,0.01954324582497235,0.019539128912906198,0.0,3.5037924639119926,0.00044791027633031224,0.9999984998645136,0.9999611659799968,False
2,43,TILTED,30.204498310546306,True,4.135999999999988,8.00399999999912,True,0.035956042448399596,0.09900267829895436,0.18300067410070267,0.4930897019995047,0.042063723461387814,0.5259523496980456,0.0029087630279940684,0.0010320261789903023,0.0027195251684897005,2.678965278758633e-06,0.014492755237851165,0.0052305008338049165,0.013515970268694845,1.9055382060791952e-05,0.019542275190193772,0.019538150403114053,0.01953736499399854,0.019545579463417055,0.01954800590024543,0.0,3.504141898732327,0.0010125328949859224,0.9999983102397056,0.9999578677658422,False
3,44,TILTED,80.15234369935666,True,4.635999999999933,8.00399999999912,True,0.09714763786245621,0.017392016072972697,0.4943637869735378,0.08664615239843808,0.03864885140146224,0.5018993158894226,0.0028282462631650353,0.0027875570929875026,0.0004780175253095026,1.2743386635455282e-06,0.014322999387378615,0.01412439086760786,0.0023769332805774666,9.069154704911265e-06,0.019541497063084938,0.01954259465485829,0.01953880701145554,0.01954001086227449,0.019544575723751432,0.0,3.503844782230992,0.000535999631495232,0.9999985164963093,0.9999616332360726,False
4,45,TILTED,61.70318094185226,True,4.603999999999936,8.00399999999912,True,0.0981351738770509,0.005997358289551442,0.4994026426772937,0.02988004993846059,0.03847633598433015,0.5002957068451477,0.002820873022931814,0.002816051780015879,0.00016485383422372275,4.4397703254020666e-07,0.014293128434089968,0.014269597564956443,0.0008198144806579026,3.1598866912405456e-06,0.01954147424795627,0.019543921265511646,0.0195395759664464,0.019539162372782727,0.019543237387084314,0.0,3.503788472427232,0.000439754383028889,0.9999985277155852,0.9999618780126971,False
5,46,TILTED,144.91619032108588,True,4.895999999999904,8.00399999999912,True,0.10020013112308766,0.005006503768282932,0.5098129146386692,0.02494138867501349,0.03926428045919575,0.5104226331036046,0.00287745973291265,0.0028741680789840978,0.00013759442195665825,3.7858818347844474e-07,0.01457431231953105,0.01455824695077777,0.0006841184459182339,2.694319713402995e-06,0.01954148532991784,0.019543934546937092,0.019539495047592635,0.019539152022827664,0.019543359702313967,0.0,3.5037877942618008,0.0004411616959432768,0.9999984669979884,0.9999603190816667,False
6,47,TILTED,72.49924453676417,True,4.6919999999999265,8.00399999999912,True,0.09432726343406653,0.029405553317420337,0.48002439171053324,0.14649278097315518,0.038746185175717186,0.5018795168256298,0.002824847121551485,0.0027067754625093947,0.0008081605543837305,2.0914188833149556e-06,0.014292330889122956,0.013715798307700994,0.004018379960810563,1.4883453928582862e-05,0.019541541057631492,0.019545237244160317,0.01954053726104312,0.019538482800018388,0.01954190692530414,0.0,3.503900557872197,0.0006299995593916558,0.9999985131200685,0.999961636262999,False
7,48,TILTED,99.0013068362045,True,5.123999999999879,8.00399999999912,True,0.09816472292007997,0.014658416858179212,0.4995122101159121,0.07302645392817567,0.03886083824250186,0.5048219249573903,0.0028450935595790375,0.0028164249645657707,0.00040287293712293337,1.0854781247913514e-06,0.014408973643039169,0.014269045490716257,0.002003198081455345,7.725032114926312e-06,0.019541493560868588,0.0195398865711817,0.01954444332446809,0.019542769063273437,0.019538875284551116,0.0,3.5038329123783174,0.000516611187095164,0.9999984995844783,0.9999611851111353,False
8,49,TILTED,34.02933680627147,True,4.271999999999973,8.00399999999912,True,0.08674722756854666,0.049793931768225816,0.44146147293865384,0.24804804863391477,0.039372709609117505,0.5063742182938091,0.0028406600782285075,0.0024893843686129968,0.0013683217999490211,3.2553234452135372e-06,0.014332225000385102,0.01261479131675556,0.006802880045846847,2.3164157465199737e-05,0.019541672675197,0.019546328828257586,0.0195415745600865,0.019538010641656698,0.019540776670787206,0.0,3.5039897967283578,0.0007790198659805788,0.9999984762335835,0.9999609460393631,False
9,50,TILTED,92.16743678241131,True,5.351999999999854,8.00399999999912,True,0.09447529619110308,0.03078311915139337,0.4807517517267024,0.15335094861964593,0.03897349671561445,0.5046168926455368,0.002839661555540124,0.002710721439829012,0.0008459682124019835,2.193004623712429e-06,0.014363867627754857,0.013734240994245868,0.004206075842767041,1.560591335806784e-05,0.01954155086590404,0.01954533427863958,0.01954058756383709,0.019538437587991352,0.019541844033148133,0.0,3.5039079759522944,0.0006432713786853613,0.9999984962349533,0.9999612166336919,False
10,51,TILTED,57.874897965760496,True,4.587999999999938,8.00399999999912,True,0.09834854853794728,0.0011325238032973554,0.50048838230512,0.005642549611348825,0.03848738221472275,0.5005201877835944,0.0028223453709523465,0.0028221736684600407,3.113151017885495e-05,8.402928580090873e-08,0.014301453913840313,0.014300615870091488,0.00015482063201898406,5.980695352482916e-07,0.019541471718414874,0.019543516476279825,0.019539323363533295,0.01953940139296296,0.019543645640883428,0.0,3.5037640383793733,0.000397998011070684,0.9999985266129716,0.9999618437948342,False
11,52,TILTED,157.07790588008456,True,4.679999999999928,8.00399999999912,True,0.10067023612763781,0.0033687274239059214,0.5121760831694459,0.01678184121563794,0.039421178847869234,0.5124509370306223,0.0028888035449542056,0.0028873197287297564,9.257775063420833e-05,2.559598051962477e-07,0.014630393875682202,0.014623152183611505,0.0004602628102857624,1.8215392429033313e-06,0.01954148697531282,0.019539426755236997,0.01954385618383018,0.019543468686923315,0.01953919627526079,0.0,3.5037804385545455,0.00042923244517912353,0.9999984547046884,0.9999600030912142,False
12,53,TILTED,108.31409935044356,True,5.075999999999884,8.00399999999912,True,0.09905191813198302,0.009538474163402352,0.5040126933942437,0.04751973375132684,0.03895005216214921,0.5062478266148487,0.0028537843843986412,0.0028417173943855022,0.0002621584539006945,7.128343437814464e-07,0.014455257321164983,0.014396362601988942,0.0013035268761260844,5.07310210480357e-06,0.019541485488668,0.019539025132275425,0.019543071998697245,0.01954416362409274,0.01953968119960659,0.0,3.503808550491364,0.0004755092255458305,0.9999984918039188,0.9999609655326444,False
13,54,TILTED,148.34180129491028,True,4.987999999999894,8.00399999999912,True,0.10002918867085256,0.0034846786215014993,0.5089435614362465,0.017360093780627514,0.03917097346480057,0.5092395444748246,0.0028708672536004853,0.002869269343128971,9.577136926021818e-05,2.6307006520124953e-07,0.014541253696783121,0.014533454733561506,0.00047618176831432124,1.8722319570032253e-06,0.019541483237869358,0.01953944473409029,0.01954384112000931,0.01954344121608431,0.019539205881293518,0.0,3.5037796710850495,0.00042713252764549337,0.9999984741792383,0.999960502816965,False
14,55,TILTED,37.195880326362186,True,4.347999999999964,8.00399999999912,True,0.09451010000087165,0.02826884411911376,0.48096722156329647,0.14083228477282525,0.03867806573683698,0.5011613859581325,0.0028212579864598016,0.002712166268176905,0.000776947039391599,2.0144247827978356e-06,0.014276525078010131,0.013743859362769973,0.0038633266241101,1.4335790680168297e-05,0.019541534844109608,0.019538515186150268,0.01954196687759648,0.019545168370815224,0.019540488941876457,0.0,3.5038950721458875,0.0006204599811039451,0.9999985178464718,0.9999617459717907,False
15,56,TILTED,155.39909038336745,True,4.699999999999926,8.00399999999912,True,0.10066197770663923,0.003819069163655843,0.5121337737562721,0.019025276614219426,0.03942455321501087,0.5124870278675799,0.002888986514197273,0.0028870794443855525,0.00010495368898309151,2.9015333790907173e-07,0.01463122488838373,0.014621917504639289,0.0005217911059613617,2.0648782609990858e-06,0.019541487271985965,0.019543442975764703,0.01953918126920501,0.01953944256950023,0.019543882273473923,0.0,3.503782724536727,0.00043315454104549404,0.99999845446492,0.9999599974572578,False
16,57,TILTED,30.74637133364788,True,4.167999999999984,8.00399999999912,True,0.08511812658405532,0.051926489755053803,0.4331827939812378,0.25867231877653923,0.039269626404638214,0.5045368436470381,0.002829007663773199,0.002442771090546358,0.0014269347103878767,3.3306408867851197e-06,0.014268045871980013,0.012379271704813675,0.007094378293701528,2.3699982742887174e-05,0.019541687866701178,0.019540648880783107,0.01953797525310645,0.01954171036642581,0.01954641696648935,0.0,3.503997444181456,0.0007910603448872857,0.9999984858384775,0.9999612289372963,False
17,58,TILTED,103.40221726608415,True,5.379999999999851,8.00399999999912,True,0.098807528482548,0.011694331958811111,0.5027694246080756,0.05825956317208134,0.03894934447485306,0.5061335633046588,0.002852871772255178,0.0028347089687838865,0.0003214057424486341,8.717497567179916e-07,0.014449516686683104,0.014360869535365894,0.0015980989260151253,6.203998913862176e-06,0.019541488986518536,0.019539764053602787,0.019544285364160037,0.0195429475402594,0.019538958988051934,0.0,3.503819081270232,0.0004934413986629316,0.9999984921969423,0.9999609831511895,False
18,59,TILTED,55.26503910438907,True,4.587999999999938,8.00399999999912,True,0.09318930646283585,0.034137132660994225,0.47423288070960673,0.17006172410675285,0.03894685857870695,0.5038026942304872,0.002833909802244708,0.0026741131661190258,0.0009381672503268631,2.3984289968703432e-06,0.014330678297797687,0.013550239767878027,0.004664659837009221,1.7067893237606393e-05,0.019541566557931274,0.019538360252457917,0.019541646980882555,0.01954550477833708,0.019540754220047536,0.0,3.5039225004354186,0.0006670755051481584,0.9999984998284218,0.9999613416856968,False
19,60,TILTED,66.55391188905995,True,4.675999999999928,8.00399999999912,True,0.09281196119365105,0.03499469437022544,0.47231287880903555,0.17433330941244773,0.03893103887702387,0.5034589058059853,0.002831612760719305,0.0026632879229392535,0.0009617287924373689,2.448671330020429e-06,0.014317523277535412,0.013495396603728699,0.0047817820598282336,1.742535913908901e-05,0.01954157094469563,0.01954159680172892,0.019538340713525747,0.01954079778709739,0.019545548476430464,0.0,3.5039261357521223,0.0006731134400062555,0.9999985014889475,0.9999613944272208,False
20,61,TILTED,91.75580385722368,True,4.7279999999999225,8.00399999999912,True,0.09740246668071216,0.017487955949283502,0.49564702682529815,0.08712297563000014,0.03875438668483448,0.5032456644046809,0.0028357421405362172,0.0027947120949325392,0.00048064138747132545,1.284795839042758e-06,0.014360110501610028,0.014159839135948272,0.002389904947829462,9.143459877930028e-06,0.019541498927529738,0.019542597368529847,0.019538798786636297,0.01954000834844789,0.019544591206504917,0.0,3.503845818911004,0.0005381344307506128,0.9999985084356826,0.9999614271230775,False
21,62,TILTED,150.278861393486,True,5.039999999999888,8.00399999999912,True,0.10048656646306484,0.003818548097960666,0.5112559079335355,0.019022993846664848,0.0393553934824603,0.5116096833403067,0.002884127419649281,0.0028822175263653964,0.00010494293505576491,2.8959771397523643e-07,0.014607484542373166,0.014598163192827487,0.0005217583767115595,2.0609655680788747e-06,0.019541486022482037,0.01953944702923376,0.019543875149127064,0.019543436274026327,0.019539185637541,0.0,3.503782333315972,0.0004321679934021917,0.9999984598395075,0.9999601343026256,False
22,63,TILTED,85.09379539617109,True,5.195999999999871,8.00399999999912,True,0.09053277498398632,0.043149765631439616,0.46068922528479134,0.21494757671736028,0.03942072149439353,0.508366036785438,0.002855416121945956,0.0025975910258775894,0.001185712199062561,2.94495217616212e-06,0.01442079636861529,0.013160959437899992,0.005894749819745926,2.0955706250752194e-05,0.01954162669224819,0.019546015254256546,0.01954119149171665,0.01953813914100263,0.01954116088201692,0.0,3.5039634166011666,0.0007364125912354676,0.9999984680740321,0.9999606382003112,False
23,64,TILTED,89.28136540096166,True,5.011999999999891,8.00399999999912,True,0.09578919492078372,0.026761539483880128,0.48743741769742743,0.1333188339526744,0.03898798503433307,0.5053402011081866,0.0028451230568824815,0.002748418217750692,0.0007354718022343575,1.9331990512861883e-06,0.014397386308379008,0.013925241184590823,0.003656802045313878,1.3757363959649662e-05,0.01954153319787888,0.019542076636075663,0.01953853812245987,0.019540399244444628,0.019545118788535355,0.0,3.503890025213945,0.0006131470222738742,0.9999984934065601,0.9999611053720185,False
24,65,TILTED,80.99043990667167,True,5.1639999999998745,8.00399999999912,True,0.08521445808077413,0.054612128899300644,0.4336261980112831,0.27203449091715187,0.03988308773297839,0.5118916203062523,0.0028687347693006028,0.0024449903900321825,0.0015005495217354577,3.5074298206774623e-06,0.014460210778659653,0.012387716254875638,0.0074593269758349845,2.4956352603104835e-05,0.01954171894124577,0.019546613020329298,0.0195418276469531,0.0195378992157909,0.019540535881909776,0.0,3.504011549110926,0.0008163036228137246,0.9999984397608334,0.9999600903525743,False
25,66,TILTED,34.5592051529748,True,4.283999999999971,8.00399999999912,True,0.09169280999794349,0.03779680420569095,0.4666296901469508,0.18829302413081822,0.03894497042137517,0.5031865924131024,0.002828921337303415,0.0026313123799915966,0.0010387416743599409,2.6125660583504176e-06,0.01429939054856937,0.013334074985301689,0.005164752530098767,1.8591656870647192e-05,0.019541586458904216,0.019545692793013096,0.019540940226954944,0.01953827700211338,0.019541435813535454,0.0,3.503938210568945,0.000693030640040092,0.9999985018728893,0.999961436178012,False
26,67,TILTED,35.097157177869946,True,4.283999999999971,8.00399999999912,True,0.011513331099512672,0.10612239443685127,0.058600792729630084,0.5285328829540835,0.042726407706552956,0.5317715335237017,0.0029335800983258573,0.0003304934434867191,0.0029149040176796406,9.191414082057029e-07,0.014582616978193769,0.0016751282445459112,0.014486083686056396,6.537400128240706e-06,0.01954239821934121,0.01953744115516107,0.019537676506805494,0.019547636771867837,0.01954683844353045,0.0,3.50413047711483,0.0009794125146267475,0.999998264522018,0.9999569303053811,False
27,68,TILTED,125.12530630796739,True,4.807999999999914,8.00399999999912,True,0.09935577096833963,0.00766409519655085,0.5055450693714244,0.03818139938374491,0.03900258578113548,0.506984811008016,0.0028580480735144395,0.0028502754221771892,0.00021063826371076663,5.745547468086121e-07,0.014476835672357496,0.014438901032561607,0.0010473258026059025,4.0889521627049305e-06,0.01954148402829255,0.019539080413480705,0.019543185353276746,0.019544063312015154,0.0195396070343976,0.0,3.5037996132726184,0.0004605575557912086,0.9999984875327526,0.999960851799632,False
28,69,TILTED,117.37252857562989,True,5.011999999999891,8.00399999999912,True,0.09913221902130603,0.007742480096353793,0.5044217278632208,0.038572512133465464,0.03891732670188787,0.505894336589394,0.0028519765212179967,0.0028440263888583183,0.00021279953405914384,5.791031270604496e-07,0.01444688930770783,0.014408087708492646,0.0010581125968423001,4.121401412071195e-06,0.019541482717166367,0.019539615194993643,0.019544059480042498,0.019543173348519044,0.01953908284511029,0.0,3.5037995294124227,0.00046007284098533325,0.9999984941070763,0.9999610200252749,False
29,70,TILTED,147.8188471197227,True,5.1359999999998776,8.00399999999912,True,0.10059250478006293,0.0027921543028545277,0.51179470570002,0.013909897663232352,0.03938299793377701,0.5119836920152331,0.002886274169188104,0.0028852538939172683,7.673657809192615e-05,2.1199165484211116e-07,0.014618511878495742,0.014613532191229925,0.0003815287163937371,1.5086997025849699e-06,0.019541485831744053,0.019543818249521897,0.01953940940089494,0.01953921835960063,0.019543497316958744,0.0,3.5037773003764934,0.00042358826098989064,0.9999984576284748,0.9999600759946309,False
30,71,TILTED,68.70670168580335,True,4.8279999999999115,8.00399999999912,True,0.08817619771578204,0.04673884107164914,0.4487219443543779,0.23282887929200902,0.0392581189781198,0.505528992304583,0.002837571320258013,0.0025302580683927195,0.0012843657796747516,3.1062654131291048e-06,0.014323348070965374,0.012821240160862987,0.006385421843905256,2.2103729982106275e-05,0.01954164892405253,0.01954094458801927,0.019538073725839763,0.019541404158050585,0.01954617322430051,0.0,3.5039770274774122,0.0007580716504792604,0.9999984830804082,0.9999610763053133,False
